{"cameraMode":{"drawMode":0,"name":"Shaded","section":"Shading Mode"},"sceneLighting":false,"audioPlay":false,"sceneViewState":{"showFog":false,"showMaterialUpdate":false,"showSkybox":false,"showFlares":false,"showImageEffects":false,"showParticleSystems":false},"in2DMode":false,"pivot":{"x":-1.9899998903274537,"y":1.4299999475479127,"z":2.890000104904175},"rotation":{"x":0.1877782791852951,"y":-0.06446602940559387,"z":0.01236859429627657,"w":0.9800422191619873},"size":3.05845308303833,"orthographic":false}