{"cameraMode":{"drawMode":0,"name":"Shaded","section":"Shading Mode"},"sceneLighting":false,"audioPlay":false,"sceneViewState":{"showFog":false,"showMaterialUpdate":false,"showSkybox":false,"showFlares":false,"showImageEffects":false,"showParticleSystems":false},"in2DMode":false,"pivot":{"x":6.300000190734863,"y":2.499999523162842,"z":-8.940696716308594e-8},"rotation":{"x":0.20273961126804353,"y":-0.500541090965271,"z":0.12187208980321884,"w":0.8327904343605042},"size":2.872281789779663,"orthographic":false}