{"cameraMode":{"drawMode":0,"name":"Shaded","section":"Shading Mode"},"sceneLighting":true,"audioPlay":false,"sceneViewState":{"showFog":false,"showMaterialUpdate":false,"showSkybox":false,"showFlares":false,"showImageEffects":false,"showParticleSystems":false},"in2DMode":false,"pivot":{"x":103.68995666503906,"y":-1695.1617431640625,"z":81.68278503417969},"rotation":{"x":0.5657156109809876,"y":0.4008430242538452,"z":-0.35965102910995486,"w":0.6249701976776123},"size":856.493896484375,"orthographic":false}